timestamp,value
0,1920
10,1911
20,1927
30,1923
40,1926
50,1905
60,1673
70,1953
80,1719
90,1974
100,1715
110,1982
120,1717
130,2003
140,1783
150,2123
160,1890
170,2128
180,1819
190,2021
200,1671
210,1975
220,1737
230,1986
240,1724
250,1954
260,1780
270,2024
280,1781
290,2017
300,1838
310,1987
320,1776
330,2331
340,3314
350,2640
360,1366
370,2074
380,1936
390,2061
400,1872
410,2096
420,1881
430,2101
440,1872
450,2139
460,1943
470,2178
480,1939
490,2178
500,2032
510,2246
520,2103
530,2322
540,2128
550,2394
560,2223
570,2435
580,2192
590,2359
600,2126
610,2207
620,1906
630,2016
640,1783
650,1937
660,1735
670,1889
680,1711
690,1906
700,1711
710,1936
720,1751
730,1942
740,1773
750,1936
760,1795
770,1967
780,1789
790,1948
800,1776
810,1953
820,1784
830,1942
840,1770
850,1947
860,1797
870,1938
880,1803
890,1947
900,1799
910,1971
920,1809
930,1968
940,1828
950,1966
960,1838
970,2011
980,1883
990,2035
1000,2033
1010,2033
1020,2021
1030,2030
1040,2035
1050,1922
1060,1825
1070,1939
1080,1806
1090,1942
1100,1826
1110,1951
1120,1872
1130,1968
1140,1863
1150,1954
1160,1830
1170,2205
1180,3148
1190,2896
1200,1371
1210,1918
1220,2000
1230,1989
1240,1907
1250,1995
1260,1942
1270,2003
1280,1955
1290,2032
1300,1967
1310,2027
1320,1992
1330,2112
1340,2047
1350,2161
1360,2142
1370,2229
1380,2176
1390,2400
1400,2283
1410,2340
1420,2288
1430,2323
1440,2224
1450,2155
1460,2042
1470,1957
1480,1872
1490,1849
1500,1799
1510,1818
1520,1799
1530,1825
1540,1805
1550,1842
1560,1826
1570,1847
1580,1847
1590,1872
1600,1849
1610,1884
1620,1836
1630,1872
1640,1840
1650,1847
1660,1872
1670,1885
1680,1861
1690,1867
1700,1869
1710,1872
1720,1881
1730,1867
1740,1897
1750,1883
1760,1886
1770,1879
1780,1894
1790,1872
1800,1921
1810,1889
1820,1904
1830,1886
1840,1931
1850,1887
1860,1921
1870,1872
1880,1968
1890,2065
1900,2064
1910,2001
1920,1994
1930,1865
1940,1929
1950,1819
1960,1930
1970,1837
1980,1903
1990,2078
2000,2077
2010,2071
2020,2073
2030,2069
2040,2065
2050,1872
2060,1977
2070,2384
2080,3620
2090,1963
2100,1593
2110,2013
2120,2042
2130,1885
2140,2011
2150,1923
2160,2035
2170,1973
2180,2057
2190,1967
2200,2091
2210,2013
2220,2112
2230,2026
2240,2176
2250,2107
2260,2241
2270,2177
2280,2323
2290,2239
2300,2385
2310,2283
2320,2396
2330,2220
2340,2306
2350,2068
2360,2094
2370,1799
2380,1947
2390,1771
2400,1874
2410,1722
2420,1872
2430,1755
2440,1872
2450,1761
2460,1894
2470,1768
2480,1921
2490,1776
2500,1949
2510,1779
2520,1931
2530,1778
2540,1952
2550,1786
2560,1961
2570,1776
2580,1955
2590,1757
2600,1943
2610,1779
2620,1963
2630,1775
2640,1958
2650,1780
2660,1985
2670,1791
2680,1995
2690,1801
2700,1982
2710,1830
2720,1996
2730,1801
2740,2033
2750,1906
2760,2190
2770,1907
2780,2099
2790,1903
2800,2026
2810,1783
2820,2075
2830,1803
2840,1996
2850,1770
2860,2005
2870,1811
2880,2038
2890,1838
2900,2070
2910,1873
2920,2045
2930,1866
2940,2704
2950,3425
2960,2000
2970,1529
2980,2160
2990,2069
3000,2067
3010,2103
3020,2070
3030,2064
3040,2018
3050,1895
3060,2172
3070,1938
3080,2187
3090,1980
3100,2213
3110,2032
3120,2235
3130,2087
3140,2362
3150,2112
3160,2437
3170,2215
3180,2473
3190,2227
3200,2411
3210,2098
3220,2256
3230,1895
3240,2094
3250,1759
3260,1987
3270,1728
3280,1957
3290,1711
3300,1957
3310,1714
3320,1981
3330,1732
3340,2030
3350,1744
3360,2015
3370,1759
3380,2025
3390,1796
3400,2015
3410,1762
3420,2029
3430,1723
3440,2038
3450,1753
3460,2014
3470,1758
3480,2025
3490,1817
3500,2011
3510,1767
3520,2021
3530,1741
3540,2057
3550,1774
3560,2037
3570,1830
3580,2195
3590,1904
3600,2149
3610,1829
3620,2054
3630,1771
3640,2031
3650,1749
3660,2015
3670,1711
3680,1989
3690,1783
3700,2038
3710,1804
3720,2093
3730,1838
3740,2079
3750,1777
3760,2442
3770,3314
3780,2559
3790,1360
3800,2131
3810,1915
3820,2143
3830,1861
3840,2132
3850,1889
3860,2163
3870,1893
3880,2190
3890,1931
3900,2239
3910,1967
3920,2288
3930,1961
3940,2330
3950,2075
3960,2401
3970,2130
3980,2476
3990,2057
4000,2044
4010,2047
4020,2057
4030,2064
4040,2037
4050,1924
4060,2110
4070,1723
4080,1948
4090,1687
4100,1907
4110,1690
4120,1937
4130,1680
4140,1956
4150,1714
4160,2000
4170,1678
4180,1984
4190,1997
4200,1991
4210,1983
4220,1971
4230,1981
4240,1975
4250,1760
4260,2039
4270,1767
4280,2032
4290,1762
4300,2036
4310,1742
4320,2031
4330,1776
4340,2032
4350,1797
4360,2054
4370,1795
4380,2045
4390,1808
4400,2068
4410,1831
4420,2175
4430,1961
4440,2183
4450,1914
4460,2114
4470,1783
4480,2046
4490,1762
4500,2043
4510,1765
4520,2032
4530,1739
4540,2053
4550,1810
4560,2066
4570,1776
4580,2037
4590,1802
4600,2227
4610,2787
4620,3431
4630,1394
4640,1926
4650,1968
4660,2103
4670,1821
4680,2095
4690,1877
4700,2135
4710,1936
4720,2160
4730,1942
4740,2188
4750,1983
4760,2226
4770,2011
4780,2293
4790,2047
4800,2341
4810,2215
4820,2387
4830,2205
4840,2468
4850,2214
4860,2444
4870,2150
4880,2302
4890,1944
4900,2112
4910,1795
4920,1952
4930,1711
4940,1898
4950,1753
4960,1902
4970,1688
4980,1905
4990,1744
5000,1743
5010,1741
5020,1738
5030,1738
5040,1735
5050,1723
5060,1931
5070,1763
5080,1925
5090,1761
5100,1922
5110,1754
5120,1940
5130,1744
5140,1943
5150,1749
5160,1963
5170,1772
5180,1978
5190,1761
5200,1959
5210,1785
5220,1968
5230,1789
5240,2016
5250,1905
5260,2100
5270,1915
5280,2071
5290,1808
5300,1933
5310,1744
5320,1964
5330,1770
5340,1947
5350,1772
5360,1937
5370,1799
5380,1986
5390,1805
5400,1977
5410,1813
5420,1954
5430,1997
5440,3033
5450,2991
5460,1569
5470,1713
5480,2127
5490,1892
5500,2013
5510,1887
5520,2029
5530,1892
5540,2057
5550,1915
5560,2064
5570,1965
5580,2085
5590,1987
5600,2138
5610,2023
5620,2209
5630,2128
5640,2288
5650,2191
5660,2343
5670,2247
5680,2365
5690,2230
5700,2273
5710,2059
5720,2078
5730,1869
5740,1920
5750,1757
5760,1841
5770,1725
5780,1813
5790,1744
5800,1826
5810,1735
5820,1840
5830,1781
5840,1857
5850,1793
5860,1888
5870,1804
5880,1888
5890,1815
5900,1888
5910,1803
5920,1885
5930,1791
5940,1881
5950,1819
5960,1895
5970,1797
5980,1857
5990,1844
6000,1893
6010,1883
6020,1885
6030,1856
6040,1883
6050,1936
6060,1913
6070,1813
6080,1853
6090,1840
6100,1840
6110,1810
6120,1862
6130,1840
6140,1897
6150,1871
6160,1906
6170,1872
6180,1867
6190,1861
6200,1941
6210,2467
6220,3536
6230,1903
6240,1573
6250,1965
6260,1988
6270,1909
6280,1967
6290,1936
6300,1999
6310,1947
6320,1957
6330,1959
6340,2002
6350,1999
6360,2039
6370,2058
6380,2091
6390,2116
6400,2160
6410,2203
6420,2224
6430,2285
6440,2288
6450,2320
6460,2271
6470,2233
6480,2159
6490,2054
6500,1922
6510,1898
6520,1855
6530,1763
6540,1779
6550,1789
6560,1746
6570,1770
6580,1780
6590,1808
6600,1770
6610,1838
6620,1793
6630,1850
6640,1792
6650,1866
6660,1823
6670,1869
6680,1814
6690,1862
6700,1794
6710,1861
6720,1811
6730,1779
6740,1799
6750,1875
6760,1821
6770,1885
6780,1873
6790,1907
6800,1814
6810,1886
6820,1877
6830,1974
6840,1958
6850,2006
6860,1907
6870,1925
6880,1783
6890,1900
6900,1779
6910,1886
6920,1779
6930,1879
6940,1796
6950,1901
6960,1810
6970,1934
6980,1831
6990,1300
7000,1296
7010,1297
7020,1297
7030,1303
7040,1303
7050,1711
7060,1980
7070,1991
7080,1842
7090,2001
7100,1900
7110,2023
7120,1915
7130,2032
7140,1923
7150,2052
7160,1969
7170,2112
7180,2000
7190,2164
7200,2067
7210,2256
7220,2167
7230,2345
7240,2233
7250,2398
7260,2263
7270,2395
7280,2181
7290,2215
7300,1999
7310,2043
7320,1797
7330,1904
7340,1712
7350,1859
7360,1686
7370,1874
7380,1726
7390,1901
7400,1722
7410,1916
7420,1743
7430,1913
7440,1744
7450,1946
7460,1763
7470,1951
7480,1766
7490,1942
7500,1766
7510,1934
7520,1776
7530,1968
7540,1766
7550,1976
7560,1759
7570,1979
7580,1782
7590,1984
7600,1783
7610,1983
7620,1775
7630,1988
7640,1781
7650,1995
7660,1798
7670,2002
7680,1862
7690,2160
7700,1918
7710,2128
7720,1874
7730,2000
7740,1790
7750,1999
7760,1763
7770,2000
7780,1783
7790,2021
7800,1805
7810,2037
7820,1840
7830,2066
7840,1815
7850,2067
7860,1796
7870,2318
7880,3137
7890,2955
7900,1339
7910,2071
7920,1978
7930,2098
7940,1863
7950,2126
7960,1890
7970,2122
7980,1910
7990,2112
8000,2088
8010,2106
8020,2095
8030,2124
8040,2113
8050,2311
8060,2090
8070,2334
8080,2164
8090,2421
8100,2222
8110,2477
8120,2240
8130,2480
8140,2132
8150,2300
8160,1950
8170,2102
8180,1773
8190,1984
8200,1680
8210,1957
8220,1699
8230,1945
8240,1689
8250,1971
8260,1744
8270,1984
8280,1743
8290,1867
8300,1886
8310,1868
8320,1875
8330,1904
8340,1901
8350,1924
8360,1888
8370,2007
8380,1744
8390,2046
8400,1758
8410,2010
8420,1785
8430,2031
8440,1775
8450,2061
8460,1776
8470,2032
8480,1778
8490,2091
8500,1923
8510,2158
8520,1915
8530,2125
8540,1771
8550,2031
8560,1745
8570,2014
8580,1758
8590,2044
8600,1791
8610,2047
8620,1811
8630,2064
8640,1808
8650,2084
8660,1819
8670,2090
8680,1893
8690,2918
8700,3295
8710,1819
8720,1535
8730,2209
8740,1850
8750,2101
8760,1846
8770,2141
8780,1863
8790,2146
8800,1885
8810,2171
8820,1922
8830,2181
8840,1954
8850,2254
8860,2014
8870,2308
8880,2085
8890,2391
8900,2160
8910,2467
8920,2209
8930,2481
8940,2189
8950,2402
8960,2063
8970,2205
8980,1840
8990,1825
9000,1842
9010,1829
9020,1835
9030,1840
9040,1845
9050,1963
9060,1703
9070,1974
9080,1712
9090,1984
9100,1744
9110,2013
9120,1755
9130,1993
9140,1776
9150,2032
9160,1757
9170,2026
9180,1745
9190,2026
9200,1744
9210,2000
9220,1750
9230,1998
9240,1754
9250,2006
9260,1762
9270,2027
9280,1770
9290,2020
9300,1770
9310,2027
9320,1815
9330,2044
9340,1810
9350,2043
9360,1808
9370,2123
9380,1957
9390,2156
9400,1930
9410,2111
9420,1794
9430,2020
9440,1760
9450,2003
9460,1758
9470,2012
9480,1785
9490,2017
9500,1776
9510,2041
9520,1799
9530,2043
9540,1785
9550,2019
9560,2127
9570,3525
9580,2559
9590,1609
9600,1872
9610,2201
9620,1890
9630,2141
9640,1921
9650,2159
9660,1920
9670,2161
9680,1941
9690,2192
9700,1965
9710,2208
9720,2026
9730,2256
9740,2064
9750,2329
9760,2160
9770,2403
9780,2230
9790,2463
9800,2269
9810,2459
9820,2234
9830,2383
9840,2080
9850,2165
9860,1875
9870,2004
9880,1735
9890,1936
9900,1744
9910,1877
9920,1727
9930,1927
9940,1731
9950,1920
9960,1748
9970,1965
9980,1776
9990,1984
10000,2011
10010,1986
10020,1987
10030,1989
10040,2000
10050,1969
10060,1781
10070,1957
10080,1751
10090,1966
10100,1776
10110,1958
10120,1792
10130,1959
10140,1785
10150,1968
10160,1783
10170,1975
10180,1809
10190,1940
10200,1805
10210,1966
10220,1804
10230,1969
10240,1823
10250,2011
10260,1870
10270,2147
10280,1955
10290,2101
10300,1895
10310,1975
10320,1822
10330,1958
10340,1814
10350,1957
10360,1792
10370,1943
10380,1808
10390,1956
10400,1853
10410,1990
10420,1847
10430,1994
10440,1854
10450,2046
10460,2555
10470,3603
10480,1695
10490,1709
10500,2071
10510,2000
10520,1894
10530,2012
10540,1971
10550,2039
10560,1957
10570,2063
10580,1967
10590,2086
10600,2001
10610,2126
10620,2093
10630,2167
10640,2112
10650,2252
10660,2176
10670,2352
10680,2267
10690,2387
10700,2267
10710,2391
10720,2238
10730,2237
10740,2074
10750,2063
10760,1887
10770,1901
10780,1791
10790,1840
10800,1765
10810,1840
10820,1767
10830,1821
10840,1786
10850,1865
10860,1806
10870,1867
10880,1818
10890,1895
10900,1776
10910,1894
10920,1841
10930,1867
10940,1829
10950,1874
10960,1807
10970,1881
10980,1827
10990,2014
11000,2015
11010,2012
11020,2011
11030,1923
11040,2013
11050,1889
11060,1861
11070,1890
11080,1872
11090,1889
11100,1869
11110,1865
11120,1856
11130,1904
11140,1878
11150,1935
11160,1963
11170,2057
11180,1974
11190,1993
11200,1935
11210,1863
11220,1874
11230,1918
11240,1865
11250,1854
11260,1895
11270,1859
11280,1900
11290,1897
11300,1918
11310,1925
11320,1972
11330,1883
11340,1904
11350,2325
11360,3573
11370,2251
11380,1495
11390,1926
11400,2038
11410,1911
11420,1974
11430,1930
11440,1978
11450,1938
11460,2025
11470,1973
11480,2019
11490,1994
11500,2079
11510,2047
11520,2126
11530,2110
11540,2192
11550,2145
11560,2290
11570,2239
11580,2343
11590,2279
11600,2362
11610,2255
11620,2272
11630,2089
11640,2083
11650,1888
11660,1907
11670,1808
11680,1867
11690,1777
11700,1856
11710,1776
11720,1821
11730,1778
11740,1904
11750,1774
11760,1926
11770,1825
11780,1929
11790,1842
11800,1929
11810,1841
11820,1936
11830,1815
11840,1971
11850,1799
11860,1937
11870,1821
11880,1942
11890,1815
11900,1977
11910,1810
11920,1955
11930,1809
11940,1996
11950,1828
11960,1950
11970,1808
11980,1971
11990,2143
12000,2115
12010,2139
12020,2133
12030,2127
12040,2089
12050,1917
12060,2002
12070,1815
12080,1961
12090,1883
12100,1984
12110,1817
12120,1986
12130,1849
12140,2005
12150,1857
12160,2039
12170,2622
12180,2624
12190,2628
12200,2608
12210,2647
12220,3738
12230,1719
12240,1773
12250,2010
12260,2114
12270,1895
12280,2121
12290,1935
12300,2129
12310,1954
12320,2157
12330,1979
12340,2182
12350,1990
12360,2231
12370,2032
12380,2288
12390,2117
12400,2356
12410,2219
12420,2445
12430,2274
12440,2499
12450,2288
12460,2506
12470,2256
12480,2362
12490,2059
12500,2178
12510,1877
12520,2037
12530,1778
12540,1926
12550,1798
12560,1986
12570,1727
12580,1994
12590,1791
12600,2013
12610,1798
12620,2016
12630,1833
12640,2045
12650,1809
12660,2031
12670,1816
12680,2064
12690,1818
12700,2023
12710,1805
12720,2038
12730,1798
12740,1936
12750,1785
12760,1999
12770,1799
12780,2026
12790,1791
12800,2042
12810,1815
12820,2014
12830,1808
12840,2045
12850,1856
12860,2037
12870,1840
12880,2053
12890,1806
12900,2064
12910,1858
12920,2192
12930,1955
12940,2177
12950,1904
12960,2078
12970,1786
12980,2031
12990,1941
13000,1935
13010,1938
13020,1985
13030,1922
13040,1931
13050,1793
13060,2062
13070,1821
13080,2055
13090,1771
13100,2176
13110,2710
13120,3441
13130,1410
13140,1920
13150,1968
13160,2096
13170,1830
13180,2096
13190,1838
13200,2109
13210,1872
13220,2146
13230,1898
13240,2137
13250,1906
13260,2213
13270,1948
13280,2244
13290,2000
13300,2303
13310,2098
13320,2384
13330,2166
13340,2480
13350,2194
13360,2419
13370,2160
13380,2320
13390,1917
13400,2106
13410,1755
13420,1975
13430,1679
13440,1910
13450,1648
13460,1919
13470,1601
13480,1929
13490,1664
13500,1925
13510,1695
13520,1957
13530,1678
13540,1956
13550,1679
13560,1947
13570,1696
13580,1952
13590,1703
13600,1936
13610,1663
13620,1943
13630,1689
13640,1948
13650,1675
13660,1953
13670,1692
13680,2016
13690,1683
13700,1958
13710,1711
13720,1938
13730,1741
13740,1972
13750,1739
13760,1969
13770,1738
13780,1999
13790,1785
13800,2143
13810,1861
13820,2160
13830,1840
13840,1979
13850,1703
13860,1951
13870,1719
13880,1943
13890,1734
13900,1971
13910,1731
13920,2080
13930,1753
13940,1997
13950,1774
13960,2002
13970,1791
13980,2493
13990,1870
14000,1867
14010,1891
14020,1865
14030,1866
14040,1885
14050,1855
14060,2066
14070,1839
14080,2083
14090,1873
14100,2096
14110,1851
14120,2141
14130,1920
14140,2178
14150,1985
14160,2269
14170,2084
14180,2320
14190,2062
14200,2398
14210,2191
14220,2442
14230,2218
14240,2433
14250,2131
14260,2269
14270,1936
14280,2064
14290,1808
14300,1958
14310,1728
14320,1927
14330,1743
14340,1964
14350,1757
14360,1971
14370,1751
14380,1979
14390,1833
14400,2007
14410,1834
14420,2031
14430,1840
14440,2035
14450,1856
14460,2029
14470,1859
14480,2039
14490,1850
14500,2032
14510,1869
14520,2003
14530,1886
14540,2030
14550,1859
14560,2064
14570,1902
14580,2080
14590,2029
14600,2195
14610,2045
14620,2142
14630,1918
14640,2055
14650,1872
14660,2037
14670,1887
14680,2064
14690,1903
14700,2078
14710,1933
14720,2099
14730,1924
14740,2112
14750,1968
14760,2094
14770,1988
14780,2937
14790,3447
14800,1795
14810,1742
14820,2209
14830,2039
14840,2142
14850,2019
14860,2106
14870,2003
14880,2173
14890,2055
14900,2171
14910,2086
14920,2199
14930,2121
14940,2259
14950,2189
14960,2309
14970,2183
14980,2407
14990,2215
15000,2187
15010,2213
15020,2207
15030,2205
15040,2208
15050,2230
15060,2224
15070,2036
15080,2065
15090,1915
15100,1946
15110,1871
15120,1934
15130,1814
15140,1944
15150,1879
15160,1943
15170,1884
15180,1967
15190,1878
15200,1952
15210,1890
15220,1964
15230,1863
15240,1954
15250,1904
15260,1943
15270,1873
15280,1920
15290,1872
15300,1933
15310,1886
15320,2032
15330,1945
15340,1903
15350,1873
15360,1909
15370,1889
15380,1915
15390,1939
15400,2015
15410,2038
15420,2035
15430,1971
15440,1888
15450,1825
15460,1867
15470,1871
15480,1807
15490,1826
15500,1856
15510,1838
15520,1854
15530,1885
15540,1873
15550,1856
15560,1881
15570,1867
15580,1968
15590,2783
15600,3227
15610,1535
15620,1725
15630,2000
15640,1888
15650,1932
15660,1914
15670,1938
15680,1904
15690,1951
15700,1933
15710,1963
15720,1943
15730,2016
15740,2014
15750,2069
15760,2035
15770,2112
15780,2102
15790,2173
15800,2199
15810,2289
15820,2243
15830,2305
15840,2217
15850,2225
15860,2096
15870,2036
15880,1842
15890,1830
15900,1831
15910,1821
15920,1827
15930,1827
15940,1711
15950,1776
15960,1707
15970,1789
15980,1747
15990,1675
16000,1676
16010,1677
16020,1680
16030,1686
16040,1681
16050,1860
16060,1730
16070,1840
16080,1741
16090,1825
16100,1722
16110,1840
16120,1741
16130,1846
16140,1737
16150,1840
16160,1750
16170,1872
16180,1787
16190,1865
16200,1785
16210,1989
16220,1906
16230,2000
16240,1862
16250,1936
16260,1726
16270,1841
16280,1721
16290,1888
16300,1653
16310,1872
16320,1748
16330,1911
16340,1749
16350,1916
16360,1767
16370,1929
16380,1774
16390,2001
16400,2509
16410,3471
16420,1535
16430,1685
16440,1948
16450,2000
16460,1791
16470,2009
16480,1847
16490,1997
16500,1847
16510,2045
16520,1834
16530,2079
16540,1849
16550,2112
16560,1914
16570,2149
16580,2022
16590,2225
16600,2085
16610,2322
16620,2158
16630,2384
16640,2201
16650,2382
16660,2123
16670,2239
16680,1922
16690,2060
16700,1746
16710,1907
16720,1696
16730,1891
16740,1665
16750,1869
16760,1653
16770,1923
16780,1761
16790,1918
16800,1679
16810,1977
16820,1692
16830,1935
16840,1712
16850,1936
16860,1682
16870,1937
16880,1701
16890,1934
16900,1719
16910,1943
16920,1721
16930,1958
16940,1733
16950,1966
16960,1712
16970,1974
16980,1847
16990,1763
17000,1806
17010,1808
17020,1811
17030,1813
17040,1810
17050,1963
17060,1713
17070,1941
17080,1727
17090,1983
17100,1764
17110,1968
17120,1785
17130,2029
17140,1805
17150,2004
17160,1808
17170,2608
17180,3335
17190,2032
17200,1428
17210,2128
17220,1872
17230,2055
17240,1808
17250,2078
17260,1846
17270,2123
17280,1850
17290,2160
17300,1884
17310,2163
17320,1922
17330,2201
17340,1983
17350,2261
17360,2047
17370,2341
17380,2124
17390,2393
17400,2197
17410,2433
17420,2173
17430,2375
17440,2015
17450,2174
17460,1895
17470,2038
17480,1735
17490,1936
17500,1707
17510,1931
17520,1698
17530,1965
17540,1744
17550,1962
17560,1719
17570,1985
17580,1734
17590,1975
17600,1761
17610,2000
17620,1762
17630,2023
17640,1735
17650,2010
17660,1750
17670,1997
17680,1757
17690,2041
17700,1804
17710,2015
17720,1755
17730,2006
17740,1766
17750,2031
17760,1837
17770,2192
17780,1870
17790,2178
17800,1837
17810,1997
17820,1735
17830,1982
17840,1729
17850,1982
17860,1743
17870,1983
17880,1771
17890,1999
17900,1779
17910,2038
17920,1790
17930,2065
17940,1759
17950,2287
17960,3107
17970,2847
17980,1311
17990,2042
18000,2055
18010,2046
18020,2061
18030,2067
18040,2064
18050,2103
18060,1880
18070,2122
18080,1915
18090,2160
18100,1961
18110,2195
18120,2007
18130,2255
18140,2073
18150,2304
18160,2130
18170,2417
18180,2222
18190,2448
18200,2218
18210,2413
18220,2119
18230,2233
18240,1936
18250,2091
18260,1785
18270,1968
18280,1721
18290,1906
18300,1689
18310,1926
18320,1697
18330,1943
18340,1744
18350,1949
18360,1780
18370,1951
18380,1762
18390,1968
18400,1776
18410,1955
18420,1808
18430,1981
18440,1765
18450,1948
18460,1776
18470,1969
18480,1791
18490,1969
18500,1807
18510,1951
18520,1791
18530,1967
18540,1817
18550,1991
18560,1803
18570,2016
18580,1951
18590,2111
18600,1963
18610,2064
18620,1830
18630,1951
18640,1808
18650,1954
18660,1856
18670,1946
18680,1818
18690,1963
18700,1846
18710,1969
18720,1812
18730,2014
18740,1865
18750,1949
18760,2070
18770,3129
18780,2972
18790,1506
18800,1785
18810,2128
18820,1872
18830,2021
18840,1909
18850,2011
18860,1931
18870,2077
18880,2058
18890,2079
18900,1990
18910,2102
18920,2021
18930,2167
18940,2080
18950,2189
18960,2171
18970,2309
18980,2250
18990,2252
19000,2253
19010,2256
19020,2250
19030,2251
19040,2250
19050,2112
19060,1936
19070,1947
19080,1846
19090,1865
19100,1776
19110,1899
19120,1790
19130,1890
19140,1803
19150,1872
19160,1838
19170,1885
19180,1872
19190,1925
19200,1881
19210,1930
19220,1879
19230,1907
19240,1860
19250,1887
19260,1887
19270,1907
19280,1915
19290,1947
19300,1932
19310,1950
19320,1993
19330,2042
19340,1986
19350,1990
19360,2000
19370,2010
19380,2017
19390,2065
19400,2128
19410,2117
19420,2133
19430,2014
19440,1984
19450,1963
19460,1968
19470,1941
19480,1961
19490,1925
19500,1967
19510,1954
19520,1989
19530,1968
19540,2029
19550,1968
19560,2009
19570,1941
19580,2164
19590,3087
19600,3354
19610,1534
19620,1921
19630,1938
19640,1930
19650,1959
19660,2077
19670,2003
19680,2097
19690,2039
19700,2128
19710,2062
19720,2112
19730,2073
19740,2149
19750,2128
19760,2240
19770,2194
19780,2318
19790,2270
19800,2389
19810,2319
19820,2394
19830,2285
19840,2466
19850,2192
19860,2333
19870,2086
19880,2093
19890,1927
19900,1988
19910,1825
19920,1936
19930,1817
19940,1929
19950,1840
19960,1946
19970,1831
19980,1965
19990,2015
20000,2013
20010,2010
20020,2007
20030,2026
20040,2005
20050,1866
20060,1986
20070,1843
20080,1968
20090,1808
20100,1991
20110,1777
20120,1979
20130,1814
20140,1972
20150,1811
20160,1977
20170,1800
20180,1982
20190,1803
20200,2062
20210,2002
20220,2111
20230,1936
20240,1975
20250,1779
20260,1951
20270,1792
20280,1899
20290,1757
20300,1963
20310,1780
20320,1937
20330,1745
20340,1990
20350,1791
20360,1984
20370,1801
20380,1969
20390,2201
20400,3575
20410,2171
20420,1485
20430,1923
20440,2075
20450,1782
20460,2028
20470,1829
20480,2045
20490,1842
20500,2072
20510,1863
20520,2079
20530,1904
20540,2142
20550,1912
20560,2101
20570,2000
20580,2256
20590,2064
20600,2351
20610,2135
20620,2375
20630,2185
20640,2399
20650,2151
20660,2283
20670,1927
20680,2087
20690,1758
20700,1917
20710,1672
20720,1870
20730,1636
20740,1872
20750,1649
20760,1888
20770,1675
20780,1907
20790,1681
20800,1936
20810,1664
20820,1968
20830,1698
20840,1933
20850,1701
20860,1945
20870,1685
20880,1932
20890,1698
20900,1939
20910,1700
20920,1954
20930,1713
20940,1961
20950,1723
20960,1949
20970,1718
20980,1963
20990,1921
21000,1933
21010,1925
21020,1953
21030,1920
21040,1921
21050,1837
21060,2150
21070,1881
21080,2111
21090,1773
21100,1959
21110,1730
21120,1962
21130,1731
21140,1942
21150,1744
21160,1985
21170,1743
21180,1968
21190,1769
21200,2023
21210,1782
21220,2001
21230,1835
21240,2706
21250,3349
21260,1829
21270,1527
21280,2191
21290,1831
21300,2067
21310,1840
21320,2112
21330,1856
21340,2102
21350,1891
21360,2128
21370,1857
21380,2130
21390,1958
21400,2223
21410,2005
21420,2270
21430,2079
21440,2338
21450,2160
21460,2431
21470,2209
21480,2480
21490,2219
21500,2380
21510,2062
21520,2211
21530,1905
21540,2023
21550,1783
21560,1965
21570,1649
21580,1927
21590,1694
21600,1887
21610,1727
21620,1937
21630,1729
21640,1966
21650,1733
21660,1966
21670,1758
21680,1949
21690,1712
21700,2005
21710,1840
21720,2025
21730,1737
21740,1964
21750,1744
21760,1961
21770,1728
21780,1966
21790,1734
21800,1947
21810,1779
21820,1968
21830,1757
21840,1987
21850,1786
21860,1968
21870,1773
21880,1945
21890,1786
21900,1997
21910,1831
21920,2065
21930,1962
21940,2115
21950,1914
21960,2030
21970,1776
21980,1962
21990,1765
22000,1755
22010,1765
22020,1762
22030,1762
22040,1754
22050,1806
22060,1984
22070,1805
22080,2007
22090,1872
22100,2016
22110,2171
22120,3555
22130,2617
22140,1569
22150,1852
22160,2174
22170,1904
22180,2061
22190,1924
22200,2064
22210,1938
22220,2108
22230,1965
22240,2119
22250,1981
22260,2160
22270,2034
22280,2189
22290,2064
22300,2227
22310,2172
22320,2315
22330,2231
22340,2375
22350,2269
22360,2380
22370,2261
22380,2304
22390,2091
22400,2097
22410,1920
22420,1965
22430,1811
22440,1879
22450,1782
22460,1854
22470,1773
22480,1871
22490,1804
22500,1876
22510,1803
22520,1904
22530,1808
22540,1904
22550,1809
22560,1853
22570,1815
22580,1900
22590,1821
22600,1870
22610,1792
22620,1879
22630,1810
22640,1905
22650,1806
22660,1881
22670,1799
22680,1878
22690,1839
22700,1899
22710,1839
22720,1895
22730,1856
22740,1880
22750,1854
22760,1909
22770,1926
22780,2059
22790,1978
22800,2034
22810,1894
22820,1880
22830,1822
22840,1872
22850,1850
22860,1847
22870,1827
22880,1871
22890,1872
22900,1900
22910,1872
22920,1887
22930,1942
22940,1880
22950,1825
22960,2160
22970,3294
22980,2743
22990,1809
23000,1840
23010,1838
23020,1838
23030,1839
23040,1841
23050,1967
23060,1930
23070,1982
23080,1951
23090,2018
23100,1985
23110,2039
23120,2022
23130,2092
23140,2076
23150,2153
23160,2139
23170,2290
23180,2195
23190,2285
23200,2227
23210,2283
23220,2222
23230,2211
23240,2087
23250,2097
23260,1915
23270,1939
23280,1808
23290,1872
23300,1789
23310,1877
23320,1784
23330,1871
23340,2019
23350,1996
23360,1967
23370,1970
23380,1839
23390,1922
23400,1833
23410,1931
23420,1808
23430,1936
23440,1793
23450,1915
23460,1812
23470,1950
23480,1815
23490,1945
23500,1766
23510,1938
23520,1792
23530,1968
23540,1824
23550,1966
23560,1820
23570,1973
23580,1840
23590,1983
23600,1905
23610,2157
23620,1957
23630,2096
23640,1856
23650,1955
23660,1791
23670,1937
23680,1810
23690,1975
23700,1773
23710,1969
23720,1801
23730,1987
23740,1801
23750,2005
23760,1817
23770,1979
23780,1860
23790,2650
23800,3440
23810,1936
23820,1482
23830,2113
23840,1845
23850,2027
23860,1846
23870,2071
23880,1856
23890,2091
23900,1879
23910,2084
23920,1917
23930,2114
23940,1951
23950,2187
23960,2017
23970,2249
23980,2059
23990,2225
24000,2224
24010,2230
24020,2228
24030,2230
24040,2254
24050,2387
24060,2058
24070,2191
24080,1904
24090,2039
24100,1771
24110,1955
24120,1683
24130,1946
24140,1687
24150,1930
24160,1727
24170,1924
24180,1733
24190,1953
24200,1743
24210,1986
24220,1755
24230,1998
24240,1751
24250,1985
24260,1743
24270,2001
24280,1743
24290,1901
24300,1745
24310,2002
24320,1761
24330,1996
24340,1757
24350,1980
24360,1783
24370,2014
24380,1766
24390,2019
24400,1779
24410,2013
24420,1794
24430,2055
24440,1870
24450,2196
24460,1918
24470,2170
24480,1863
24490,2033
24500,1785
24510,2000
24520,1773
24530,2018
24540,1770
24550,2026
24560,1790
24570,2056
24580,1857
24590,2059
24600,1822
24610,2060
24620,1839
24630,2640
24640,3405
24650,2003
24660,1471
24670,2226
24680,1869
24690,2034
24700,1867
24710,2131
24720,1878
24730,2125
24740,1895
24750,2134
24760,1936
24770,2175
24780,1954
24790,2235
24800,2013
24810,2288
24820,2082
24830,2306
24840,2150
24850,2436
24860,2193
24870,2454
24880,2239
24890,2466
24900,2102
24910,2240
24920,1940
24930,2068
24940,1788
24950,1975
24960,1713
24970,1918
24980,1744
24990,1904
25000,1898
25010,1925
25020,1923
25030,1932
25040,1935
25050,1979
25060,1763
25070,1949
25080,1778
25090,1967
25100,1785
25110,1952
25120,1778
25130,1999
25140,1775
25150,1936
25160,1813
25170,1951
25180,1760
25190,1991
25200,1787
25210,1981
25220,1808
25230,2000
25240,1913
25250,2138
25260,1945
25270,2128
25280,1840
25290,1903
25300,1776
25310,1959
25320,1727
25330,1936
25340,1790
25350,1923
25360,1836
25370,1989
25380,1843
25390,2010
25400,1826
25410,1977
25420,1879
25430,2719
25440,3392
25450,1877
25460,1591
25470,2055
25480,1920
25490,2034
25500,1904
25510,2032
25520,1930
25530,2086
25540,1939
25550,2099
25560,1968
25570,2087
25580,1995
25590,2145
25600,2103
25610,2208
25620,2128
25630,2268
25640,2206
25650,2370
25660,2229
25670,2359
25680,2222
25690,2326
25700,2127
25710,2134
25720,1889
25730,1978
25740,1826
25750,1887
25760,1746
25770,1843
25780,1749
25790,1886
25800,1798
25810,1894
25820,1823
25830,1895
25840,1828
25850,1917
25860,1857
25870,1890
25880,1851
25890,1899
25900,1851
25910,1894
25920,1840
25930,1903
25940,1847
25950,1890
25960,1862
25970,1901
25980,1846
25990,2190
26000,2181
26010,2169
26020,2181
26030,2188
26040,2185
26050,2037
26060,2039
26070,1975
26080,1866
26090,1830
26100,1863
26110,1856
26120,1855
26130,1862
26140,1866
26150,1882
26160,1875
26170,1904
26180,1936
26190,1872
26200,1925
26210,1839
26220,2083
26230,2938
26240,3159
26250,1429
26260,1821
26270,2033
26280,1965
26290,1923
26300,1979
26310,1956
26320,2021
26330,1963
26340,2064
26350,1986
26360,2093
26370,1998
26380,2064
26390,2045
26400,2160
26410,2218
26420,2247
26430,2198
26440,2320
26450,2225
26460,2343
26470,2221
26480,2256
26490,2148
26500,2171
26510,1977
26520,2002
26530,1840
26540,1905
26550,1761
26560,1861
26570,1717
26580,1830
26590,1751
26600,1877
26610,1764
26620,1904
26630,1797
26640,1906
26650,1792
26660,1922
26670,1777
26680,1963
26690,1751
26700,1961
26710,1763
26720,1936
26730,1757
26740,1940
26750,1799
26760,1937
26770,1778
26780,1964
26790,1808
26800,1971
26810,1797
26820,1975
26830,1807
26840,2000
26850,1797
26860,2032
26870,1924
26880,2160
26890,1936
26900,2142
26910,1840
26920,1917
26930,1808
26940,1967
26950,1794
26960,1974
26970,1805
26980,1987
26990,1962
27000,1936
27010,1959
27020,1951
27030,1953
27040,1952
27050,1915
27060,1789
27070,1767
27080,1776
27090,1779
27100,2205
27110,1872
27120,2061
27130,1879
27140,2099
27150,1882
27160,2117
27170,1910
27180,2145
27190,1963
27200,2149
27210,1971
27220,2198
27230,2009
27240,2240
27250,2090
27260,2351
27270,2163
27280,2416
27290,2226
27300,2458
27310,2194
27320,2384
27330,2065
27340,2237
27350,1871
27360,2047
27370,1781
27380,1954
27390,1691
27400,1932
27410,1686
27420,1933
27430,1712
27440,1965
27450,1743
27460,1975
27470,1739
27480,1975
27490,1760
27500,1966
27510,1746
27520,1927
27530,1745
27540,1979
27550,1792
27560,1995
27570,1738
27580,2002
27590,1774
27600,1984
27610,1786
27620,1973
27630,1760
27640,2045
27650,1764
27660,1954
27670,1795
27680,2033
27690,1779
27700,2026
27710,1786
27720,2062
27730,1941
27740,2163
27750,1927
27760,2119
27770,1804
27780,2027
27790,1779
27800,1989
27810,1770
27820,2006
27830,1776
27840,1986
27850,1851
27860,2034
27870,1837
27880,2043
27890,1819
27900,2013
27910,1898
27920,2772
27930,3376
27940,1840
27950,1552
27960,2209
27970,1899
27980,2067
27990,1955
28000,1917
28010,1956
28020,1946
28030,1949
28040,1913
28050,1936
28060,2177
28070,1993
28080,2201
28090,2041
28100,2272
28110,2126
28120,2352
28130,2199
28140,2422
28150,2241
28160,2432
28170,2240
28180,2411
28190,2143
28200,2239
28210,1966
28220,2085
28230,1823
28240,1952
28250,1787
28260,1970
28270,1776
28280,1980
28290,1811
28300,1997
28310,1834
28320,2015
28330,1943
28340,2011
28350,1847
28360,2031
28370,1851
28380,2012
28390,1882
28400,2047
28410,1857
28420,2017
28430,1871
28440,2056
28450,1893
28460,2019
28470,1905
28480,2031
28490,1931
28500,2096
28510,1933
28520,2067
28530,1936
28540,2065
28550,1956
28560,2079
28570,1958
28580,2127
28590,1979
28600,2163
28610,2139
28620,2190
28630,2114
28640,2114
28650,1926
28660,2063
28670,1939
28680,2060
28690,1936
28700,2054
28710,1955
28720,2025
28730,1973
28740,2057
28750,1999
28760,2085
28770,1987
28780,2026
28790,2335
28800,3594
28810,2588
28820,1648
28830,2061
28840,2219
28850,2001
28860,2090
28870,2021
28880,2091
28890,2057
28900,2087
28910,2096
28920,2141
28930,2096
28940,2210
28950,2163
28960,2183
28970,2226
28980,2258
28990,2207
29000,2260
29010,2253
29020,2247
29030,2265
29040,2253
29050,2325
29060,2250
29070,2182
29080,2093
29090,2018
29100,1936
29110,1888
29120,1839
29130,1862
29140,1849
29150,1840
29160,1824
29170,1888
29180,1857
29190,1882
29200,1872
29210,1910
29220,1920
29230,1911
29240,1884
29250,1909
29260,1872
29270,1903
29280,1853
29290,1906
29300,1867
29310,1917
29320,1840
29330,1898
29340,1831
29350,1914
29360,1853
29370,1913
29380,1900
29390,1921
29400,1849
29410,1939
29420,1909
29430,2095
29440,1976
29450,2067
29460,1869
29470,1918
29480,1808
29490,1904
29500,1781
29510,1904
29520,1883
29530,1911
29540,1782
29550,1972
29560,1810
29570,1922
29580,1840
29590,1963
29600,1795
29610,2025
29620,2662
29630,3479
29640,1523
29650,1723
29660,1943
29670,1987
29680,1833
29690,2013
29700,1855
29710,2015
29720,1884
29730,2014
29740,1859
29750,2057
29760,1811
29770,2099
29780,1923
29790,2103
29800,1994
29810,2206
29820,2064
29830,2263
29840,2137
29850,2311
29860,2153
29870,2315
29880,2064
29890,2176
29900,1920
29910,2005
29920,1766
29930,1884
29940,1677
29950,1856
29960,1649
29970,1853
29980,1652
29990,1738
30000,1761
30010,1741
30020,1744
30030,1744
30040,1727
30050,1835
30060,1710
30070,1910
30080,1681
30090,1872
30100,1707
30110,1923
30120,1680
30130,1926
30140,1696
30150,1891
30160,1706
30170,1921
30180,1705
30190,1915
30200,1709
30210,1934
30220,1720
30230,1950
30240,1744
30250,1994
30260,1760
30270,1979
30280,1766
30290,2013
30300,1889
30310,2072
30320,1847
30330,2000
30340,1711
30350,1933
30360,1703
30370,1954
30380,1701
30390,1918
30400,1740
30410,1974
30420,1724
30430,1997
30440,1767
30450,1995
30460,1759
30470,2016
30480,2287
30490,3645
30500,1843
30510,1626
30520,1875
30530,2064
30540,1789
30550,2063
30560,1815
30570,2087
30580,1801
30590,2099
30600,1865
30610,2105
30620,1895
30630,2124
30640,1939
30650,2179
30660,2032
30670,2270
30680,2055
30690,2334
30700,2154
30710,2400
30720,2182
30730,2416
30740,2186
30750,2393
30760,2000
30770,2117
30780,1826
30790,1858
30800,1864
30810,1857
30820,1870
30830,1886
30840,1692
30850,1927
30860,1725
30870,1935
30880,1742
30890,1943
30900,1712
30910,1959
30920,1757
30930,1957
30940,1744
30950,1965
30960,1754
30970,1937
30980,1751
30990,1946
31000,1936
31010,1968
31020,1936
31030,1958
31040,1942
31050,1974
31060,1787
31070,1954
31080,1793
31090,1969
31100,1783
31110,1967
31120,1826
31130,1985
31140,1831
31150,1997
31160,1837
31170,2042
31180,1884
31190,2157
31200,1953
31210,2075
31220,1856
31230,1984
31240,1805
31250,1991
31260,1818
31270,1953
31280,1810
31290,1988
31300,1838
31310,1974
31320,1886
31330,2000
31340,1857
31350,1977
31360,1983
31370,2974
31380,3214
31390,1599
31400,1738
31410,2177
31420,1906
31430,2021
31440,1932
31450,2061
31460,1959
31470,2119
31480,1968
31490,2087
31500,1974
31510,2119
31520,2026
31530,2151
31540,2037
31550,2209
31560,2159
31570,2278
31580,2235
31590,2359
31600,2291
31610,2385
31620,2295
31630,2304
31640,2142
31650,2144
31660,1974
31670,1977
31680,1843
31690,1904
31700,1801
31710,1845
31720,1781
31730,1866
31740,1824
31750,1869
31760,1838
31770,1867
31780,1846
31790,1879
31800,1870
31810,1859
31820,1895
31830,1883
31840,1872
31850,1872
31860,1861
31870,1876
31880,1895
31890,1773
31900,1865
31910,1883
31920,1885
31930,1856
31940,1840
31950,1861
31960,1872
31970,1895
31980,1893
31990,2128
32000,2147
32010,2058
32020,2112
32030,2117
32040,2118
32050,1987
32060,1921
32070,1859
32080,1890
32090,1846
32100,1904
32110,1841
32120,1901
32130,1891
32140,1873
32150,1887
32160,1983
32170,1904
32180,1956
32190,1838
32200,2209
32210,3277
32220,2848
32230,1408
32240,1913
32250,2003
32260,2002
32270,1904
32280,2026
32290,1948
32300,2060
32310,1955
32320,2076
32330,1969
32340,2103
32350,2062
32360,2144
32370,2064
32380,2221
32390,2047
32400,2304
32410,2155
32420,2333
32430,2208
32440,2406
32450,2199
32460,2353
32470,2192
32480,2222
32490,1975
32500,2033
32510,1835
32520,1963
32530,1769
32540,1902
32550,1758
32560,1888
32570,1760
32580,1915
32590,1765
32600,1920
32610,1777
32620,1973
32630,1829
32640,1968
32650,1800
32660,1921
32670,1798
32680,1961
32690,1807
32700,1968
32710,1787
32720,2015
32730,1780
32740,1962
32750,1780
32760,1975
32770,1778
32780,1976
32790,1783
32800,1982
32810,1797
32820,2000
32830,1792
32840,2032
32850,1934
32860,2175
32870,1919
32880,2091
32890,1831
32900,1981
32910,1772
32920,1968
32930,1761
32940,1986
32950,1755
32960,1999
32970,1789
32980,2027
32990,3370
33000,3376
33010,3380
33020,3398
33030,3389
33040,3405
33050,3332
33060,1808
33070,1563
33080,2208
33090,1872
33100,2064
33110,1839
33120,2067
33130,1870
33140,2114
33150,1922
33160,2113
33170,1934
33180,2160
33190,1946
33200,2205
33210,2003
33220,2260
33230,2077
33240,2349
33250,2146
33260,2410
33270,2195
33280,2451
33290,2192
33300,2381
33310,2087
33320,2211
33330,1891
33340,2032
33350,1728
33360,1950
33370,1715
33380,1950
33390,1715
33400,1951
33410,1727
33420,1945
33430,1749
33440,1974
33450,1765
33460,1999
33470,1775
33480,1989
33490,1780
33500,1995
33510,1797
33520,1997
33530,1803
33540,1984
33550,1793
33560,1984
33570,1787
33580,1992
33590,1823
33600,1987
33610,1791
33620,2000
33630,1793
33640,2007
33650,1837
33660,1996
33670,1808
33680,2064
33690,1861
33700,2174
33710,1945
33720,2143
33730,1913
33740,2003
33750,1792
33760,1981
33770,1792
33780,1971
33790,1782
33800,1978
33810,1826
33820,2002
33830,1821
33840,2007
33850,1835
33860,2000
33870,1815
33880,2145
33890,2826
33900,3370
33910,1461
33920,1872
33930,2001
33940,2027
33950,1873
33960,2043
33970,1904
33980,2053
33990,2000
34000,2000
34010,1983
34020,1986
34030,1983
34040,1984
34050,2096
34060,2160
34070,2176
34080,2266
34090,2192
34100,2338
34110,2261
34120,2394
34130,2281
34140,2346
34150,2216
34160,2236
34170,1975
34180,2047
34190,1879
34200,1911
34210,1806
34220,1867
34230,1764
34240,1863
34250,1784
34260,1880
34270,1803
34280,1871
34290,1803
34300,1889
34310,1827
34320,1904
34330,1839
34340,1883
34350,1855
34360,1895
34370,1827
34380,1891
34390,1847
34400,1891
34410,1840
34420,1886
34430,1853
34440,1904
34450,1867
34460,1910
34470,1883
34480,1904
34490,1875
34500,1915
34510,2014
34520,2013
34530,2009
34540,1997
34550,2032
34560,1918
34570,1917
34580,1926
34590,2011
34600,2096
34610,2032
34620,2067
34630,1982
34640,1905
34650,1933
34660,1893
34670,1919
34680,1878
34690,1904
34700,1894
34710,1922
34720,1899
34730,1978
34740,1920
34750,1952
34760,1899
34770,1948
34780,2323
34790,3623
34800,2156
34810,1520
34820,2033
34830,2059
34840,1922
34850,2019
34860,1947
34870,2059
34880,1936
34890,2043
34900,1990
34910,2084
34920,2035
34930,2128
34940,2039
34950,2160
34960,2101
34970,2254
34980,2161
34990,2211
35000,2192
35010,2192
35020,2217
35030,2189
35040,2190
35050,2262
35060,2089
35070,2128
35080,1891
35090,1978
35100,1744
35110,1903
35120,1763
35130,1903
35140,1788
35150,1923
35160,1782
35170,1924
35180,1808
35190,1955
35200,1794
35210,1948
35220,1825
35230,1984
35240,1830
35250,1951
35260,1776
35270,1961
35280,1787
35290,1957
35300,1793
35310,1950
35320,1780
35330,1968
35340,1797
35350,1991
35360,1820
35370,1989
35380,1804
35390,1984
35400,1809
35410,1991
35420,1815
35430,2062
35440,1950
35450,2146
35460,1930
35470,2090
35480,1805
35490,1983
35500,1776
35510,1984
35520,1776
35530,2021
35540,1807
35550,2032
35560,1831
35570,2066
35580,1840
35590,2112
35600,1839
35610,2011
35620,1920
35630,3031
35640,3243
35650,1715
35660,1631
35670,2182
35680,1838
35690,2111
35700,1875
35710,2093
35720,1907
35730,2129
35740,1862
35750,2167
35760,2005
35770,2174
35780,1995
35790,2256
35800,2038
35810,2267
35820,2107
35830,2352
35840,2186
35850,2427
35860,2265
35870,2453
35880,2214
35890,2390
35900,2075
35910,2228
35920,1936
35930,2041
35940,1799
35950,1984
35960,1845
35970,1952
35980,1754
35990,1943
36000,1957
36010,1970
36020,1958
36030,1966
36040,1968
36050,2034
36060,1834
36070,2039
36080,1845
36090,2032
36100,1840
36110,2037
36120,1824
36130,2032
36140,1846
36150,2031
36160,1840
36170,2039
36180,1852
36190,2039
36200,1872
36210,2047
36220,1869
36230,2113
36240,1899
36250,2076
36260,1889
36270,2079
36280,1887
36290,2130
36300,2061
36310,2213
36320,2029
36330,2106
36340,1879
36350,2038
36360,1849
36370,2061
36380,1860
36390,2039
36400,1920
36410,2055
36420,1901
36430,2047
36440,1909
36450,2083
36460,1894
36470,2042
36480,2125
36490,3345
36500,2946
36510,1587
36520,1827
36530,2191
36540,1942
36550,2103
36560,1945
36570,2096
36580,1966
36590,2119
36600,1968
36610,2141
36620,2005
36630,2160
36640,2059
36650,2209
36660,2126
36670,2279
36680,2176
36690,2346
36700,2255
36710,2407
36720,2291
36730,2407
36740,2255
36750,2347
36760,2130
36770,2154
36780,1948
36790,1965
36800,1819
36810,1894
36820,1787
36830,1879
36840,1764
36850,1872
36860,1791
36870,1887
36880,1807
36890,1900
36900,1811
36910,1919
36920,1840
36930,1904
36940,1854
36950,1904
36960,1842
36970,1856
36980,1839
36990,1967
37000,1973
37010,1968
37020,1966
37030,1972
37040,1984
37050,1868
37060,1859
37070,1914
37080,1862
37090,1872
37100,1872
37110,1909
37120,1921
37130,1824
37140,1875
37150,1863
37160,1891
37170,1918
37180,1909
37190,2023
37200,2035
37210,1982
37220,2023
37230,1934
37240,1878
37250,1840
37260,1877
37270,1861
37280,1855
37290,1865
37300,1889
37310,1856
37320,1909
37330,1909
37340,1920
37350,1904
37360,1919
37370,1872
37380,2339
37390,3408
37400,2265
37410,1461
37420,2055
37430,1959
37440,1952
37450,1909
37460,1970
37470,1909
37480,2010
37490,1954
37500,2030
37510,1948
37520,2038
37530,1990
37540,2106
37550,2016
37560,2115
37570,2114
37580,2243
37590,2198
37600,2311
37610,2241
37620,2355
37630,2234
37640,2320
37650,2147
37660,2165
37670,1953
37680,1984
37690,1794
37700,1861
37710,1723
37720,1826
37730,1717
37740,1872
37750,1690
37760,1863
37770,1735
37780,1887
37790,1740
37800,1897
37810,1755
37820,1889
37830,1785
37840,1808
37850,1825
37860,1904
37870,1712
37880,1903
37890,1765
37900,1915
37910,1771
37920,1941
37930,1727
37940,1937
37950,1783
37960,1943
37970,1765
37980,1942
37990,1920
38000,1927
38010,1934
38020,1910
38030,1949
38040,1923
38050,1814
38060,2007
38070,1807
38080,2102
38090,1958
38100,2157
38110,1899
38120,2125
38130,1856
38140,2015
38150,1802
38160,1998
38170,1807
38180,2007
38190,1833
38200,2021
38210,1825
38220,2035
38230,1851
38240,2194
38250,2171
38260,2181
38270,2186
38280,2494
38290,3472
38300,2310
38310,1437
38320,2096
38330,1934
38340,2093
38350,1875
38360,2073
38370,1957
38380,2160
38390,1951
38400,2186
38410,1985
38420,2224
38430,2032
38440,2256
38450,2095
38460,2323
38470,2156
38480,2396
38490,2223
38500,2463
38510,2291
38520,2506
38530,2295
38540,2480
38550,2208
38560,2331
38570,2037
38580,2203
38590,1887
38600,2019
38610,1823
38620,2044
38630,1827
38640,2036
38650,1850
38660,2054
38670,1886
38680,2068
38690,1907
38700,2112
38710,1905
38720,2113
38730,1930
38740,2133
38750,1945
38760,2108
38770,1923
38780,2134
38790,1898
38800,2129
38810,2013
38820,2126
38830,1974
38840,2221
38850,1965
38860,2144
38870,1984
38880,2128
38890,1955
38900,2131
38910,1967
38920,2147
38930,1967
38940,2177
38950,2087
38960,2288
38970,2085
38980,2226
38990,1922
39000,1923
39010,1920
39020,1917
39030,1903
39040,1918
39050,1943
39060,2071
39070,1951
39080,2102
39090,1958
39100,2119
39110,1942
39120,2087
39130,1911
39140,2455
39150,3532
39160,2559
39170,1491
39180,2117
39190,2003
39200,2064
39210,1955
39220,2097
39230,1969
39240,2114
39250,2034
39260,2122
39270,2019
39280,2155
39290,2057
39300,2181
39310,2098
39320,2224
39330,2148
39340,2289
39350,2233
39360,2317
39370,2239
39380,2368
39390,2291
39400,2368
39410,2198
39420,2202
39430,1968
39440,2000
39450,1841
39460,1883
39470,1769
39480,1843
39490,1739
39500,1799
39510,1723
39520,1838
39530,1755
39540,1887
39550,1775
39560,1844
39570,1728
39580,1817
39590,1776
39600,1824
39610,1780
39620,1855
39630,1727
39640,1821
39650,1723
39660,1781
39670,1753
39680,1853
39690,1776
39700,1824
39710,1710
39720,1761
39730,1759
39740,1782
39750,1744
39760,1840
39770,1824
39780,1764
39790,1731
39800,1840
39810,1906
39820,1898
39830,1905
39840,1868
39850,1808
39860,1710
39870,1761
39880,1726
39890,1739
39900,1715
39910,1753
39920,1747
39930,1767
39940,1741
39950,1757
39960,1766
39970,1772
39980,1708
39990,1813
40000,1808
40010,1803
40020,1808
40030,1815
40040,1808
40050,1883
40060,1773
40070,1862
40080,1820
40090,1885
40100,1872
40110,1987
40120,1989
40130,2069
40140,1987
40150,2135
40160,2053
40170,2220
40180,2143
40190,2303
40200,2191
40210,2363
40220,2256
40230,2431
40240,2266
40250,2362
40260,2189
40270,2256
40280,1968
40290,2015
40300,1803
40310,1919
40320,1728
40330,1870
40340,1715
40350,1854
40360,1697
40370,1860
40380,1707
40390,1874
40400,1719
40410,1922
40420,1710
40430,1901
40440,1728
40450,1899
40460,1766
40470,1910
40480,1744
40490,1938
40500,1759
40510,1895
40520,1768
40530,1898
40540,1732
40550,1911
40560,1741
40570,1922
40580,1756
40590,1961
40600,1776
40610,2091
40620,1887
40630,2062
40640,1825
40650,1950
40660,1729
40670,1913
40680,1717
40690,1925
40700,1723
40710,1939
40720,1733
40730,1954
40740,1803
40750,1983
40760,1782
40770,1955
40780,1751
40790,2176
40800,2881
40810,3157
40820,1347
40830,1824
40840,1936
40850,2065
40860,1847
40870,2070
40880,1886
40890,2041
40900,1851
40910,2095
40920,1904
40930,2122
40940,1921
40950,2149
40960,1998
40970,2192
40980,2027
40990,2273
41000,2273
41010,2268
41020,2225
41030,2271
41040,2256
41050,2352
41060,2125
41070,2246
41080,1926
41090,2070
41100,1808
41110,1928
41120,1719
41130,1889
41140,1702
41150,1889
41160,1723
41170,1904
41180,1731
41190,1944
41200,1774
41210,1927
41220,1741
41230,1969
41240,1776
41250,1981
41260,1805
41270,1968
41280,1826
41290,1974
41300,1793
41310,1999
41320,1837
41330,2027
41340,1789
41350,1982
41360,1837
41370,2003
41380,1845
41390,2012
41400,1951
41410,2178
41420,1968
41430,2167
41440,1939
41450,1995
41460,1830
41470,1995
41480,1872
41490,2022
41500,1875
41510,2023
41520,1897
41530,2064
41540,1914
41550,2091
41560,1955
41570,2082
41580,1937
41590,2321
41600,3216
41610,3103
41620,1471
41630,2055
41640,2109
41650,2131
41660,2000
41670,2151
41680,2037
41690,2170
41700,2129
41710,2257
41720,2087
41730,2220
41740,2111
41750,2250
41760,2144
41770,2338
41780,2230
41790,2365
41800,2326
41810,2460
41820,2393
41830,2475
41840,2382
41850,2453
41860,2289
41870,2303
41880,2114
41890,2106
41900,2009
41910,1974
41920,1924
41930,1903
41940,1899
41950,1947
41960,1872
41970,1857
41980,1863
41990,1885
42000,1914
42010,1871
42020,1874
42030,1871
42040,1869
42050,1859
42060,1963
42070,1959
42080,1922
42090,1957
42100,1922
42110,1968
42120,1926
42130,1947
42140,1939
42150,1954
42160,1931
42170,1927
42180,1931
42190,1958
42200,1963
42210,2096
42220,2045
42230,2071
42240,1970
42250,1909
42260,1890
42270,1872
42280,1880
42290,1873
42300,1889
42310,1866
42320,1917
42330,1911
42340,1927
42350,1919
42360,1935
42370,1911
42380,1916
42390,2015
42400,2717
42410,3412
42420,1655
42430,1698
42440,2102
42450,1953
42460,1942
42470,1921
42480,1970
42490,1945
42500,1997
42510,1968
42520,2021
42530,1979
42540,2064
42550,2009
42560,2081
42570,2045
42580,2127
42590,2139
42600,2250
42610,2207
42620,2300
42630,2262
42640,2339
42650,2228
42660,2273
42670,2089
42680,2044
42690,1872
42700,1834
42710,1689
42720,1742
42730,1629
42740,1717
42750,1634
42760,1766
42770,1645
42780,1782
42790,1696
42800,1820
42810,1712
42820,1819
42830,1712
42840,1854
42850,1728
42860,1855
42870,1776
42880,1900
42890,1764
42900,1899
42910,1741
42920,1923
42930,1772
42940,1908
42950,1780
42960,1990
42970,1808
42980,1954
42990,1805
43000,1920
43010,1916
43020,1926
43030,1923
43040,1921
43050,1934
43060,2028
43070,1846
43080,1954
43090,1776
43100,1983
43110,1811
43120,1995
43130,1808
43140,2027
43150,1862
43160,1979
43170,1872
43180,2057
43190,1858
43200,2063
43210,1968
43220,2986
43230,3254
43240,1663
43250,1695
43260,2192
43270,1910
43280,2075
43290,1903
43300,2103
43310,1930
43320,2125
43330,1940
43340,2155
43350,1983
43360,2202
43370,2032
43380,2254
43390,2107
43400,2369
43410,2200
43420,2432
43430,2302
43440,2512
43450,2323
43460,2534
43470,2288
43480,2422
43490,2128
43500,2227
43510,1942
43520,2083
43530,1815
43540,1983
43550,1763
43560,1963
43570,1758
43580,1952
43590,1776
43600,1968
43610,1854
43620,1995
43630,1808
43640,1998
43650,1808
43660,1986
43670,1801
43680,1977
43690,1789
43700,1966
43710,1781
43720,1970
43730,1782
43740,1965
43750,1770
43760,1955
43770,1766
43780,2000
43790,1772
43800,1985
43810,1885
43820,2107
43830,1905
43840,2058
43850,1794
43860,1936
43870,1739
43880,1904
43890,1766
43900,1901
43910,1712
43920,1955
43930,1751
43940,1943
43950,1775
43960,1995
43970,1763
43980,1944
43990,1740
44000,1977
44010,1984
44020,1975
44030,1979
44040,1995
44050,1968
44060,1959
44070,1766
44080,2045
44090,1826
44100,2007
44110,1845
44120,1996
44130,1861
44140,2035
44150,1882
44160,2081
44170,1933
44180,2125
44190,2000
44200,2161
44210,2063
44220,2256
44230,2158
44240,2303
44250,2161
44260,2294
44270,2079
44280,2107
44290,1933
44300,1952
44310,1715
44320,1818
44330,1667
44340,1808
44350,1691
44360,1802
44370,1663
44380,1813
44390,1691
44400,1846
44410,1718
44420,1843
44430,1723
44440,1866
44450,1741
44460,1874
44470,1762
44480,1882
44490,1754
44500,1885
44510,1767
44520,1894
44530,1773
44540,1878
44550,1785
44560,1903
44570,1803
44580,1921
44590,1803
44600,1931
44610,1844
44620,1931
44630,1839
44640,1998
44650,1936
44660,2149
44670,2012
44680,2103
44690,1949
44700,1968
44710,1883
44720,1955
44730,1878
44740,2000
44750,1927
44760,2018
44770,1937
44780,2035
44790,1965
44800,2065
44810,2016
44820,2087
44830,1998
44840,2310
44850,3146
44860,3338
44870,1598
44880,2031
44890,2224
44900,2148
44910,2121
44920,2174
44930,2123
44940,2183
44950,2127
44960,2221
44970,2199
44980,2239
44990,2250
45000,2624
45010,2633
45020,2611
45030,2606
45040,2608
45050,2605
45060,2527
45070,2529
45080,2597
45090,2559
45100,2559
45110,2445
45120,2358
45130,2191
45140,2093
45150,2042
45160,2028
45170,1972
45180,1985
45190,1974
45200,1983
45210,1964
45220,2013
45230,2000
45240,2018
45250,2046
45260,2039
45270,2019
45280,1971
45290,2064
45300,2059
45310,2059
45320,2035
45330,2093
45340,2027
45350,2046
45360,2037
45370,2045
45380,2017
45390,2061
45400,2014
45410,2033
45420,2000
45430,2047
45440,2014
45450,2031
45460,1995
45470,2057
45480,2000
45490,2042
45500,1989
45510,2067
45520,2075
45530,2202
45540,2066
45550,2123
45560,1968
45570,2029
45580,1942
45590,1968
45600,1904
45610,1988
45620,1931
45630,2017
45640,1925
45650,1995
45660,1930
45670,2027
45680,3539
45690,3554
45700,3547
45710,3557
45720,3520
45730,2070
45740,1533
45750,2064
45760,1911
45770,1989
45780,1894
45790,2001
45800,1893
45810,2017
45820,1886
45830,2004
45840,1887
45850,2027
45860,1927
45870,2064
45880,1963
45890,2112
45900,2053
45910,2176
45920,2082
45930,2266
45940,2134
45950,2309
45960,2149
45970,2257
45980,2026
45990,2125
46000,1735
46010,1737
46020,1732
46030,1728
46040,1726
46050,1724
46060,1585
46070,1726
46080,1594
46090,1766
46100,1606
46110,1806
46120,1651
46130,1811
46140,1627
46150,1799
46160,1615
46170,1795
46180,1631
46190,1811
46200,1568
46210,1847
46220,1611
46230,1808
46240,1600
46250,1785
46260,1585
46270,1802
46280,1627
46290,1808
46300,1585
46310,1808
46320,1646
46330,1856
46340,1612
46350,1857
46360,1747
46370,1953
46380,1777
46390,1906
46400,1637
46410,1807
46420,1600
46430,1815
46440,1593
46450,1793
46460,1616
46470,1809
46480,1606
46490,1845
46500,1630
46510,1851
46520,1664
46530,1842
46540,1643
46550,2416
46560,3237
46570,1936
46580,1296
46590,1931
46600,1727
46610,1907
46620,1691
46630,1888
46640,1712
46650,1936
46660,1723
46670,1955
46680,1744
46690,1989
46700,1794
46710,2037
46720,1846
46730,2075
46740,1907
46750,2148
46760,1995
46770,2241
46780,2035
46790,2281
46800,2077
46810,2241
46820,1965
46830,2066
46840,1771
46850,1920
46860,1648
46870,1808
46880,1586
46890,1793
46900,1585
46910,1789
46920,1629
46930,1838
46940,1606
46950,1856
46960,1661
46970,1859
46980,1655
46990,1882
47000,1729
47010,1764
47020,1741
47030,1742
47040,1738
47050,1740
47060,1699
47070,1904
47080,1699
47090,1904
47100,1689
47110,1901
47120,1712
47130,1933
47140,1729
47150,1943
47160,1743
47170,1929
47180,1754
47190,1920
47200,1749
47210,1974
47220,1861
47230,2102
47240,1905
47250,2032
47260,1767
47270,1937
47280,1761
47290,1917
47300,1747
47310,1931
47320,1765
47330,1938
47340,1778
47350,1978
47360,1818
47370,1994
47380,1808
47390,1995
47400,1856
47410,2619
47420,3419
47430,1931
47440,1503
47450,2145
47460,1887
47470,2000
47480,1904
47490,2047
47500,1905
47510,2095
47520,1931
47530,2109
47540,1948
47550,2134
47560,2000
47570,2197
47580,2047
47590,2256
47600,2143
47610,2335
47620,2238
47630,2389
47640,2263
47650,2448
47660,2281
47670,2411
47680,2176
47690,2243
47700,1995
47710,2036
47720,1868
47730,1963
47740,1817
47750,1946
47760,1811
47770,1968
47780,1823
47790,1949
47800,1847
47810,1972
47820,1883
47830,1999
47840,1885
47850,2018
47860,1883
47870,2026
47880,1887
47890,2011
47900,1899
47910,2006
47920,1920
47930,2000
47940,1915
47950,2015
47960,1915
47970,2000
47980,1943
47990,2030
48000,1899
48010,1901
48020,1895
48030,1901
48040,1890
48050,1894
48060,1966
48070,2106
48080,2091
48090,2209
48100,2096
48110,2169
48120,2014
48130,2054
48140,1984
48150,2019
48160,1987
48170,2038
48180,1983
48190,2064
48200,2001
48210,2064
48220,2032
48230,2101
48240,2032
48250,2100
48260,2096
48270,2727
48280,3731
48290,2013
48300,1744
48310,2261
48320,2130
48330,2133
48340,2136
48350,2176
48360,2128
48370,2202
48380,2193
48390,2209
48400,2211
48410,2258
48420,2242
48430,2294
48440,2315
48450,2356
48460,2406
48470,2439
48480,2473
48490,2534
48500,2547
48510,2559
48520,2559
48530,2507
48540,2461
48550,2369
48560,2288
48570,2194
48580,2156
48590,2089
48600,2090
48610,2060
48620,2065
48630,2083
48640,2096
48650,2102
48660,2123
48670,2107
48680,2159
48690,2123
48700,2162
48710,2144
48720,2167
48730,2131
48740,2166
48750,2133
48760,2181
48770,2147
48780,2165
48790,2143
48800,2191
48810,2127
48820,2179
48830,2128
48840,2195
48850,2138
48860,2196
48870,2154
48880,2249
48890,2247
48900,2352
48910,2263
48920,2281
48930,2146
48940,2163
48950,2094
48960,2176
48970,2077
48980,2173
48990,2094
49000,2030
49010,2051
49020,2035
49030,2042
49040,2045
49050,2047
49060,2160
49070,2109
49080,2781
49090,3745
49100,2085
49110,1694
49120,2209
49130,2057
49140,2130
49150,2061
49160,2167
49170,2062
49180,2189
49190,2080
49200,2187
49210,2037
49220,2194
49230,2062
49240,2199
49250,2114
49260,2256
49270,2176
49280,2320
49290,2205
49300,2373
49310,2246
49320,2393
49330,2245
49340,2341
49350,2112
49360,2165
49370,1905
49380,1915
49390,1745
49400,1862
49410,1639
49420,1646
49430,1637
49440,1647
49450,1645
49460,1815
49470,1660
49480,1760
49490,1648
49500,1845
49510,1648
49520,1838
49530,1648
49540,1834
49550,1664
49560,1827
49570,1659
49580,1827
49590,1638
49600,1810
49610,1650
49620,1832
49630,1646
49640,1838
49650,1730
49660,1941
49670,1762
49680,1873
49690,1607
49700,1774
49710,1570
49720,1757
49730,1535
49740,1776
49750,1535
49760,1779
49770,1590
49780,1807
49790,1619
49800,1826
49810,1626
49820,1776
49830,1615
49840,2367
49850,3165
49860,1917
49870,1181
49880,1917
49890,1659
49900,1890
49910,1662
49920,1856
49930,1633
49940,1898
49950,1685
49960,1897
49970,1739
49980,1935
49990,1774
50000,2013
50010,2017
50020,2000
50030,2011
50040,1987
50050,2021
50060,2178
50070,1962
50080,2191
50090,1966
50100,2206
50110,1847
50120,1950
50130,1669
50140,1809
50150,1522
50160,1728
50170,1495
50180,1722
50190,1515
50200,1718
50210,1495
50220,1735
50230,1535
50240,1759
50250,1558
50260,1776
50270,1608
50280,1807
50290,1584
50300,1809
50310,1585
50320,1801
50330,1605
50340,1841
50350,1573
50360,1807
50370,1602
50380,1813
50390,1610
50400,1821
50410,1622
50420,1878
50430,1818
50440,1965
50450,1731
50460,1867
50470,1598
50480,1813
50490,1619
50500,1823
50510,1584
50520,1810
50530,1579
50540,1840
50550,1645
50560,1857
50570,1680
50580,1889
50590,1669
50600,1867
50610,2000
50620,3362
50630,2403
50640,1347
50650,1746
50660,2015
50670,1695
50680,1936
50690,1747
50700,1959
50710,1756
50720,1984
50730,1811
50740,2029
50750,1840
50760,2046
50770,1879
50780,2101
50790,1949
50800,2176
50810,2014
50820,2323
50830,2091
50840,2341
50850,2150
50860,2341
50870,2122
50880,2255
50890,1974
50900,2146
50910,1811
50920,1890
50930,1725
50940,1872
50950,1666
50960,1883
50970,1714
50980,1890
50990,1711
51000,1937
51010,1938
51020,1943
51030,1943
51040,1942
51050,1941
51060,1966
51070,1792
51080,1968
51090,1801
51100,1979
51110,1813
51120,1968
51130,1783
51140,1968
51150,1825
51160,2053
51170,1850
51180,1974
51190,1886
51200,2181
51210,2059
51220,2176
51230,1951
51240,2026
51250,1887
51260,1995
51270,1861
51280,1961
51290,1857
51300,1995
51310,1909
51320,2064
51330,1895
51340,2117
51350,1936
51360,2054
51370,1930
51380,2179
51390,2819
51400,3693
51410,1571
51420,1890
51430,2126
51440,2075
51450,1983
51460,2107
51470,2015
51480,2125
51490,2012
51500,2143
51510,2032
51520,2165
51530,2085
51540,2193
51550,2083
51560,2258
51570,2170
51580,2317
51590,2240
51600,2371
51610,2317
51620,2418
51630,2334
51640,2422
51650,2279
51660,2279
51670,2103
51680,2072
51690,1895
51700,1957
51710,1887
51720,1921
51730,1825
51740,1915
51750,1872
51760,1933
51770,1904
51780,1936
51790,1861
51800,1943
51810,1888
51820,2015
51830,1886
51840,1940
51850,1887
51860,1909
51870,1875
51880,1926
51890,1858
51900,1870
51910,1878
51920,1931
51930,1871
51940,1904
51950,1920
51960,1948
51970,2044
51980,2043
51990,1995
52000,1962
52010,1961
52020,1973
52030,1937
52040,1957
52050,1905
52060,1819
52070,1855
52080,1860
52090,1898
52100,1858
52110,1903
52120,1894
52130,1874
52140,1856
52150,2032
52160,3005
52170,3091
52180,1436
52190,1840
52200,2039
52210,1941
52220,1926
52230,1942
52240,1910
52250,1958
52260,1954
52270,1987
52280,1961
52290,2005
52300,1979
52310,2043
52320,2041
52330,2089
52340,2117
52350,2171
52360,2173
52370,2287
52380,2244
52390,2305
52400,2233
52410,2235
52420,2174
52430,2142
52440,2001
52450,1965
52460,1847
52470,1846
52480,1763
52490,1835
52500,1743
52510,1815
52520,1751
52530,1793
52540,1718
52550,1814
52560,1769
52570,1865
52580,1773
52590,1856
52600,1811
52610,1858
52620,1777
52630,1854
52640,1776
52650,1892
52660,1776
52670,1870
52680,1742
52690,1873
52700,1762
52710,1979
52720,1776
52730,1937
52740,1938
52750,2019
52760,1936
52770,1974
52780,1741
52790,1849
52800,1687
52810,1867
52820,1787
52830,1890
52840,1774
52850,1875
52860,1760
52870,1931
52880,1801
52890,1943
52900,1788
52910,1909
52920,1898
52930,2862
52940,3203
52950,1610
52960,1663
52970,2127
52980,1877
52990,2002
53000,2080
53010,2083
53020,2031
53030,2075
53040,2064
53050,2078
53060,1955
53070,2138
53080,1987
53090,2171
53100,2032
53110,2229
53120,2123
53130,2416
53140,2421
53150,2421
53160,2427
53170,2431
53180,2224
53190,2385
53200,2112
53210,2224
53220,1948
53230,2077
53240,1851
53250,2099
53260,1831
53270,2017
53280,1850
53290,2025
53300,1880
53310,2098
53320,1914
53330,2089
53340,1904
53350,2115
53360,1933
53370,2135
53380,1954
53390,2157
53400,1978
53410,2163
53420,1931
53430,2176
53440,1975
53450,2202
53460,1983
53470,2209
53480,2065
53490,2384
53500,2149
53510,2352
53520,2142
53530,2235
53540,2000
53550,2227
53560,2064
53570,2257
53580,2087
53590,2251
53600,2102
53610,2351
53620,2128
53630,2346
53640,2175
53650,2384
53660,2159
53670,2414
53680,3003
53690,4095
53700,2022
53710,2162
53720,2384
53730,2480
53740,2228
53750,2497
53760,2303
53770,2521
53780,2327
53790,2551
53800,2351
53810,2595
53820,2403
53830,2659
53840,2437
53850,2703
53860,2509
53870,2780
53880,2591
53890,2843
53900,2693
53910,2888
53920,2682
53930,2863
53940,2590
53950,2742
53960,2433
53970,2579
53980,2273
53990,2449
54000,2259
54010,2256
54020,2256
54030,2255
54040,2251
54050,2250
54060,2191
54070,2368
54080,2148
54090,2345
54100,2139
54110,2337
54120,2123
54130,2302
54140,2089
54150,2256
54160,2070
54170,2255
54180,2018
54190,2241
54200,2000
54210,2259
54220,2123
54230,2320
54240,1968
54250,2203
54260,1914
54270,2085
54280,1846
54290,2057
54300,1828
54310,2033
54320,1810
54330,2017
54340,1776
54350,1973
54360,1765
54370,2001
54380,1745
54390,1930
54400,1735
54410,2689
54420,3213
54430,1737
54440,1395
54450,2025
54460,1680
54470,1872
54480,1683
54490,1898
54500,1642
54510,1862
54520,1646
54530,1878
54540,1644
54550,1872
54560,1686
54570,1913
54580,1725
54590,1934
54600,1767
54610,2005
54620,1833
54630,2047
54640,1859
54650,2066
54660,1808
54670,1995
54680,1693
54690,1796
54700,1520
54710,1665
54720,1377
54730,1575
54740,1356
54750,1562
54760,1319
54770,1554
54780,1338
54790,1584
54800,1360
54810,1596
54820,1367
54830,1615
54840,1378
54850,1604
54860,1392
54870,1611
54880,1408
54890,1619
54900,1424
54910,1610
54920,1418
54930,1655
54940,1440
54950,1680
54960,1507
54970,1810
54980,1642
54990,1805
55000,1553
55010,1535
55020,1535
55030,1574
55040,1535
55050,1535
55060,1533
55070,1727
55080,1611
55090,1797
55100,1615
55110,1824
55120,1655
55130,1867
55140,1678
55150,1958
55160,2482
55170,3396
55180,1434
55190,1712
55200,1929
55210,2027
55220,1815
55230,2018
55240,1898
55250,2065
55260,1906
55270,2096
55280,1955
55290,2133
55300,1991
55310,2178
55320,2074
55330,2255
55340,2153
55350,2355
55360,2233
55370,2432
55380,2305
55390,2497
55400,2320
55410,2517
55420,2250
55430,2352
55440,2096
55450,2166
55460,1955
55470,2064
55480,1857
55490,2017
55500,1894
55510,2113
55520,1889
55530,2035
55540,1918
55550,2054
55560,1924
55570,2063
55580,1932
55590,2067
55600,1959
55610,2032
55620,1943
55630,2033
55640,1919
55650,2047
55660,1922
55670,2022
55680,1946
55690,2014
55700,1936
55710,2082
55720,2119
55730,2154
55740,2032
55750,2047
55760,1888
55770,1949
55780,1840
55790,1955
55800,1870
55810,1973
55820,1891
55830,1986
55840,1903
55850,1982
55860,1900
55870,2000
55880,1918
55890,1943
55900,2095
55910,3148
55920,2997
55930,1499
55940,1837
55950,2112
55960,1923
55970,1985
55980,1961
55990,1996
56000,1909
56010,1918
56020,1907
56030,1910
56040,1943
56050,1913
56060,2007
56070,2099
56080,2107
56090,2161
56100,2176
56110,2218
56120,2231
56130,2277
56140,2274
56150,2302
56160,2235
56170,2201
56180,2061
56190,1986
56200,1884
56210,1831
56220,1795
56230,1783
56240,1761
56250,1749
56260,1770
56270,1786
56280,1791
56290,1773
56300,1808
56310,1791
56320,1802
56330,1793
56340,1697
56350,1783
56360,1792
56370,1787
56380,1835
56390,1776
56400,1801
56410,1739
56420,1787
56430,1889
56440,1877
56450,1874
56460,1807
56470,1710
56480,1746
56490,1664
56500,1728
56510,1648
56520,1713
56530,1680
56540,1727
56550,1687
56560,1770
56570,1691
56580,1792
56590,1676
56600,1745
56610,1686
56620,2405
56630,3184
56640,1637
56650,1383
56660,1867
56670,1727
56680,1776
56690,1690
56700,1831
56710,1667
56720,1816
56730,1719
56740,1844
56750,1752
56760,1885
56770,1775
56780,1920
56790,1813
56800,1953
56810,1889
56820,2078
56830,1946
56840,2107
56850,1738
56860,1737
56870,1728
56880,1742
56890,1730
56900,1890
56910,1658
56920,1713
56930,1534
56940,1661
56950,1487
56960,1676
56970,1492
56980,1681
56990,1528
57000,1578
57010,1580
57020,1581
57030,1575
57040,1603
57050,1581
57060,1742
57070,1577
57080,1734
57090,1585
57100,1747
57110,1531
57120,1723
57130,1581
57140,1744
57150,1690
57160,1909
57170,1695
57180,1872
57190,1591
57200,1744
57210,1502
57220,1722
57230,1535
57240,1749
57250,1535
57260,1751
57270,1593
57280,1789
57290,1605
57300,1796
57310,1635
57320,1815
57330,1653
57340,2369
57350,3198
57360,1969
57370,1264
57380,2032
57390,1738
57400,1903
57410,1718
57420,1927
57430,1732
57440,1965
57450,1760
57460,2017
57470,1790
57480,2063
57490,1853
57500,2114
57510,1923
57520,2161
57530,2015
57540,2259
57550,2058
57560,2317
57570,2128
57580,2354
57590,2099
57600,2341
57610,1985
57620,2179
57630,1793
57640,1974
57650,1676
57660,1901
57670,1652
57680,1889
57690,1685
57700,1910
57710,1667
57720,1942
57730,1712
57740,1949
57750,1735
57760,1968
57770,1705
57780,1985
57790,1745
57800,1985
57810,1725
57820,1974
57830,1728
57840,2017
57850,1878
57860,2131
57870,1843
57880,2070
57890,1711
57900,1937
57910,1685
57920,1959
57930,1682
57940,1959
57950,1674
57960,2007
57970,1696
57980,1993
57990,1758
58000,2284
58010,2243
58020,2236
58030,2218
58040,2219
58050,2207
58060,1681
58070,1605
58080,2199
58090,1840
58100,2145
58110,1872
58120,2103
58130,1863
58140,2121
58150,1879
58160,2179
58170,1910
58180,2224
58190,1961
58200,2247
58210,2020
58220,2302
58230,2112
58240,2394
58250,2176
58260,2466
58270,2217
58280,2499
58290,2183
58300,2386
58310,1991
58320,2192
58330,1856
58340,2041
58350,1745
58360,2000
58370,1711
58380,1975
58390,1750
58400,2015
58410,1761
58420,2038
58430,1777
58440,2041
58450,1760
58460,2032
58470,1783
58480,2063
58490,1793
58500,2032
58510,1776
58520,2032
58530,1835
58540,2181
58550,1925
58560,2192
58570,1873
58580,2033
58590,1739
58600,1999
58610,1746
58620,1996
58630,1777
58640,2032
58650,1767
58660,2036
58670,1798
58680,2078
58690,1805
58700,2074
58710,1777
58720,2169
58730,2723
58740,3436
58750,1424
58760,1906
58770,1987
58780,2192
58790,1886
58800,2131
58810,1904
58820,2167
58830,1909
58840,2185
58850,1953
58860,2179
58870,2006
58880,2237
58890,2033
58900,2307
58910,2101
58920,2357
58930,2189
58940,2453
58950,2256
58960,2448
58970,2210
58980,2394
58990,2156
59000,1968
59010,1965
59020,1967
59030,1968
59040,1970
59050,1991
59060,1987
59070,1710
59080,1971
59090,1803
59100,1984
59110,1776
59120,2032
59130,1803
59140,2033
59150,1867
59160,2043
59170,1822
59180,2017
59190,1822
59200,2029
59210,1867
59220,2205
59230,1936
59240,2150
59250,1882
59260,1995
59270,1776
59280,1983
59290,1797
59300,1983
59310,1809
59320,2013
59330,1856
59340,2036
59350,1859
59360,2035
59370,1859
59380,2015
59390,1874
59400,2521
59410,3457
59420,2337
59430,1478
59440,2160
59450,1974
59460,2078
59470,1935
59480,2091
59490,1966
59500,2111
59510,2063
59520,2144
59530,1989
59540,2178
59550,2032
59560,2218
59570,2109
59580,2293
59590,2215
59600,2326
59610,2253
59620,2432
59630,2294
59640,2443
59650,2270
59660,2359
59670,2128
59680,2151
59690,1964
59700,1999
59710,1861
59720,1936
59730,1793
59740,1953
59750,1824
59760,1955
59770,1821
59780,1927
59790,1850
59800,1968
59810,1861
59820,1921
59830,1872
59840,1978
59850,1855
59860,2000
59870,2026
59880,2032
59890,1995
59900,2011
59910,1835
59920,1904
59930,1782
59940,1866
59950,1797
59960,1886
59970,1863
59980,1862
59990,1832
